{"cameraMode":{"drawMode":0,"name":"Shaded","section":"Shading Mode"},"sceneLighting":false,"audioPlay":false,"sceneViewState":{"showFog":true,"showMaterialUpdate":false,"showSkybox":true,"showFlares":true,"showImageEffects":true,"showParticleSystems":true},"in2DMode":false,"pivot":{"x":-0.2844638526439667,"y":7.376367092132568,"z":-12.634635925292969},"rotation":{"x":-0.2906455397605896,"y":0.006313343998044729,"z":-0.0019114017486572266,"w":-0.9568437933921814},"size":22.0,"orthographic":false}