{"cameraMode":{"drawMode":0,"name":"Shaded","section":"Shading Mode"},"sceneLighting":false,"audioPlay":false,"sceneViewState":{"showFog":true,"showMaterialUpdate":false,"showSkybox":true,"showFlares":true,"showImageEffects":true,"showParticleSystems":true},"in2DMode":false,"pivot":{"x":1.081890344619751,"y":-44.95627212524414,"z":15.095932960510254},"rotation":{"x":0.5874482989311218,"y":-0.000002257957476103911,"z":-0.0000035021223538933556,"w":0.8092684149742127},"size":89.48540496826172,"orthographic":false}