{"cameraMode":{"drawMode":0,"name":"Shaded","section":"Shading Mode"},"sceneLighting":false,"audioPlay":false,"sceneViewState":{"showFog":true,"showMaterialUpdate":false,"showSkybox":true,"showFlares":true,"showImageEffects":true,"showParticleSystems":true},"in2DMode":false,"pivot":{"x":-1.3194440603256226,"y":-48.058319091796878,"z":32.2618522644043},"rotation":{"x":0.4058050811290741,"y":-0.012339220382273198,"z":0.005475156009197235,"w":0.9138643145561218},"size":89.48540496826172,"orthographic":false}