{"cameraMode":{"drawMode":0,"name":"Shaded","section":"Shading Mode"},"sceneLighting":false,"audioPlay":false,"sceneViewState":{"showFog":true,"showMaterialUpdate":false,"showSkybox":true,"showFlares":true,"showImageEffects":true,"showParticleSystems":true},"in2DMode":false,"pivot":{"x":4.137851715087891,"y":0.21712398529052735,"z":-14.052397727966309},"rotation":{"x":-0.29586005210876467,"y":-0.5493037700653076,"z":0.21644188463687898,"w":-0.7509884834289551},"size":16.907468795776368,"orthographic":false}