{"cameraMode":{"drawMode":0,"name":"Shaded","section":"Shading Mode"},"sceneLighting":false,"audioPlay":false,"sceneViewState":{"showFog":true,"showMaterialUpdate":false,"showSkybox":true,"showFlares":true,"showImageEffects":true,"showParticleSystems":true},"in2DMode":false,"pivot":{"x":31.60192108154297,"y":42.99873733520508,"z":49.51911163330078},"rotation":{"x":-0.10379035770893097,"y":-0.04921489953994751,"z":-0.005159091204404831,"w":0.9934062361717224},"size":22.989999771118165,"orthographic":false}