{"cameraMode":{"drawMode":0,"name":"Shaded","section":"Shading Mode"},"sceneLighting":false,"audioPlay":false,"sceneViewState":{"showFog":true,"showMaterialUpdate":false,"showSkybox":true,"showFlares":true,"showImageEffects":true,"showParticleSystems":true},"in2DMode":false,"pivot":{"x":-0.7488259077072144,"y":8.557557106018067,"z":-20.736787796020509},"rotation":{"x":0.33622410893440249,"y":0.005642176140099764,"z":-0.0020334396976977588,"w":0.9418033361434937},"size":22.0,"orthographic":false}