{"cameraMode":{"drawMode":0,"name":"Shaded","section":"Shading Mode"},"sceneLighting":false,"audioPlay":false,"sceneViewState":{"showFog":true,"showMaterialUpdate":false,"showSkybox":true,"showFlares":true,"showImageEffects":true,"showParticleSystems":true},"in2DMode":false,"pivot":{"x":4.4036736488342289,"y":16.803449630737306,"z":-18.580154418945314},"rotation":{"x":-0.3525678813457489,"y":0.008407074958086014,"z":-0.0031337609980255367,"w":-0.9357956647872925},"size":16.907468795776368,"orthographic":false}