{"cameraMode":{"drawMode":0,"name":"Shaded","section":"Shading Mode"},"sceneLighting":false,"audioPlay":false,"sceneViewState":{"showFog":true,"showMaterialUpdate":false,"showSkybox":true,"showFlares":true,"showImageEffects":true,"showParticleSystems":true},"in2DMode":false,"pivot":{"x":-1.0518182516098023,"y":-62.619285583496097,"z":21.260705947875978},"rotation":{"x":0.6102365255355835,"y":0.008316718973219395,"z":-0.006409699562937021,"w":0.7921552658081055},"size":93.70199584960938,"orthographic":false}