{"cameraMode":{"drawMode":0,"name":"Shaded","section":"Shading Mode"},"sceneLighting":false,"audioPlay":false,"sceneViewState":{"showFog":true,"showMaterialUpdate":false,"showSkybox":false,"showFlares":true,"showImageEffects":true,"showParticleSystems":true},"in2DMode":false,"pivot":{"x":0.3499999940395355,"y":1.5499999523162842,"z":1.3029999732971192},"rotation":{"x":-0.1315355896949768,"y":0.7023526430130005,"z":-0.13458269834518434,"w":-0.6865414381027222},"size":1.7147306203842164,"orthographic":false}