{"cameraMode":{"drawMode":0,"name":"Shaded","section":"Shading Mode"},"sceneLighting":false,"audioPlay":false,"sceneViewState":{"showFog":true,"showMaterialUpdate":false,"showSkybox":true,"showFlares":true,"showImageEffects":true,"showParticleSystems":true},"in2DMode":false,"pivot":{"x":-15.0615873336792,"y":49.636653900146487,"z":37.476661682128909},"rotation":{"x":0.09226813912391663,"y":-0.005972184240818024,"z":0.0005430114106275141,"w":0.9957453012466431},"size":22.0,"orthographic":false}