{"cameraMode":{"drawMode":0,"name":"Shaded","section":"Shading Mode"},"sceneLighting":false,"audioPlay":false,"sceneViewState":{"showFog":true,"showMaterialUpdate":false,"showSkybox":true,"showFlares":true,"showImageEffects":true,"showParticleSystems":true},"in2DMode":false,"pivot":{"x":0.16336658596992494,"y":55.31235122680664,"z":62.70294952392578},"rotation":{"x":0.03388458117842674,"y":-0.022483278065919877,"z":0.000747197715099901,"w":0.9992032051086426},"size":22.0,"orthographic":false}