{"cameraMode":{"drawMode":0,"name":"Shaded","section":"Shading Mode"},"sceneLighting":false,"audioPlay":false,"sceneViewState":{"showFog":true,"showMaterialUpdate":false,"showSkybox":true,"showFlares":true,"showImageEffects":true,"showParticleSystems":true},"in2DMode":false,"pivot":{"x":-3.870836019515991,"y":-18.765649795532228,"z":20.71082305908203},"rotation":{"x":-0.2527630627155304,"y":0.05134708434343338,"z":-0.013417579233646393,"w":-0.9660933017730713},"size":46.494300842285159,"orthographic":false}